dataset,threshold_km2,point,longitude,latitude,status,area_km2,processing_ms,linkno,engine,local_cells,full_upstream_units,basin
0_5km2,0.5,Hulu_Serayu,109.9356587,-7.2239189,PASS,7.032130925435443,429.1,5570,hybrid_d8,1134,8,Serayu
0_5km2,0.5,Anak_Serayu,109.3913199,-7.3936955,PASS,628.4470001721705,2911.2,18491,hybrid_d8,4,693,Serayu
0_5km2,0.5,Tengah_Serayu,109.4896517,-7.4433518,PASS,1047.3780780654988,3617.1,18253,hybrid_d8,3499,1115,Serayu
0_5km2,0.5,Hilir_Serayu,109.2136203,-7.513223,PASS,3017.618858399072,8119.7,20896,hybrid_d8,1566,3293,Serayu
0_5km2,0.5,Hulu_Progo,110.0139755,-7.2644586,PASS,2.528261666043025,347.4,10901,hybrid_d8,869,2,Progo
0_5km2,0.5,Anak_Progo,110.2364457,-7.4870966,PASS,254.53260281849666,1441.9,21518,hybrid_d8,161,256,Progo
0_5km2,0.5,Tengah_Progo,110.1999785,-7.5805652,PASS,963.8618299658557,3367.7,18259,hybrid_d8,1884,1025,Progo
0_5km2,0.5,Hilir_Progo,110.2257979,-7.8342023,PASS,1987.7884843399604,5804.4,11934,hybrid_d8,811,2048,Progo
0_5km2,0.5,Hulu_Opak,110.8092273,-7.8149059,PASS,8.331399745662141,254.2,7757,hybrid_d8,837,10,Opak
0_5km2,0.5,Anak_Opak,110.6788079,-7.9330868,PASS,14.910163133563476,295.0,7091,hybrid_d8,184,16,Opak
0_5km2,0.5,Tengah_Opak,110.5635956,-7.8926627,PASS,364.208090121078,1100.6,9873,hybrid_d8,795,374,Opak
0_5km2,0.5,Hilir_Opak,110.4316622,-7.9629283,PASS,659.9846132899233,1804.0,6468,hybrid_d8,4,682,Opak
0_5km2,0.5,Hulu_Wawar,109.86382,-7.4653733,PASS,4.829319046324738,322.3,11725,hybrid_d8,1024,6,Wawar
0_5km2,0.5,Anak_Wawar,109.8067285,-7.6777261,PASS,24.348831280574903,201.7,18503,hybrid_d8,155,24,Wawar
0_5km2,0.5,Tengah_Wawar,109.7749183,-7.6368903,PASS,204.23452493788247,1071.9,20277,hybrid_d8,302,238,Wawar
0_5km2,0.5,Hilir_Wawar,109.8049787,-7.7565667,PASS,361.47189635946654,1558.0,11643,hybrid_d8,274,412,Wawar
0_5km2,0.5,Hulu_Bogowonto,110.0238335,-7.4022155,PASS,4.29474227942695,322.3,11915,hybrid_d8,673,4,Bogowonto
0_5km2,0.5,Anak_Bogowonto,110.0171325,-7.5631295,PASS,105.68430115636558,877.2,19410,hybrid_d8,614,112,Bogowonto
0_5km2,0.5,Tengah_Bogowonto,110.0372473,-7.6993497,PASS,355.9697704142717,1497.0,19896,hybrid_d8,35,350,Bogowonto
0_5km2,0.5,Hilir_Bogowonto,110.0038911,-7.843125,PASS,512.1091305475983,2009.6,12461,hybrid_d8,1971,491,Bogowonto
0_5km2,0.5,Hulu_LukUlo,109.7687692,-7.4712582,PASS,3.136075861597078,140.8,13934,hybrid_d8,1471,2,Luk Ulo
0_5km2,0.5,Anak_LukUlo,109.6468696,-7.4993343,PASS,28.009586321881997,425.3,16815,hybrid_d8,2198,30,Luk Ulo
0_5km2,0.5,Tengah_LukUlo,109.6635082,-7.59625,PASS,283.2143913044143,1198.8,18067,hybrid_d8,377,344,Luk Ulo
0_5km2,0.5,Hilir_LukUlo,109.6576205,-7.7287293,PASS,317.0598505464482,1486.0,13562,hybrid_d8,7,380,Luk Ulo
0_5km2,0.5,Hulu_Telomoyo,109.5718196,-7.529236,PASS,4.768075557300031,281.4,14849,hybrid_d8,433,4,Telomoyo
0_5km2,0.5,Anak_Telomoyo,109.5449061,-7.613036,PASS,56.14916139919634,529.3,18116,hybrid_d8,987,63,Telomoyo
0_5km2,0.5,Tengah_Telomoyo,109.5594427,-7.669185,PASS,36.57689825829969,461.0,17783,hybrid_d8,9,40,Telomoyo
0_5km2,0.5,Hilir_Telomoyo,109.4969529,-7.7219749,PASS,196.0216697086282,1122.5,19416,hybrid_d8,662,219,Telomoyo
0_5km2,0.5,Hulu_Jali,109.9673442,-7.4488989,PASS,6.630831302412299,316.3,11388,hybrid_d8,1287,6,Jali
0_5km2,0.5,Anak_Jali,109.9896595,-7.6042475,PASS,12.849019345241267,331.2,13700,hybrid_d8,1562,10,Jali
0_5km2,0.5,Tengah_Jali,109.9660382,-7.6479181,PASS,109.74376881963661,874.2,20038,hybrid_d8,105,114,Jali
0_5km2,0.5,Hilir_Jali,109.9224014,-7.7611851,PASS,235.80891134065172,1251.6,11451,hybrid_d8,405,236,Jali
0_5km2,0.5,Hulu_Ijo,109.426638,-7.592498,PASS,7.873494862557188,300.5,15379,hybrid_d8,1447,4,Ijo
0_5km2,0.5,Anak_Ijo,109.4301151,-7.6327144,PASS,19.139837440154434,535.7,18165,hybrid_d8,62,22,Ijo
0_5km2,0.5,Tengah_Ijo,109.33463,-7.6343872,PASS,37.77310671938089,611.5,17781,hybrid_d8,68,36,Ijo
0_5km2,0.5,Hilir_Ijo,109.3882228,-7.6859696,PASS,239.61432667259714,1323.2,20807,hybrid_d8,1130,245,Ijo
0_5km2,0.5,Hulu_Tipar,109.2987574,-7.5803681,PASS,4.248998394588753,218.5,12067,hybrid_d8,329,4,Tipar
0_5km2,0.5,Anak_Tipar,109.1857349,-7.6070301,PASS,23.51862802136826,435.2,16292,hybrid_d8,21,30,Tipar
0_5km2,0.5,Tengah_Tipar,109.2262345,-7.6133373,PASS,73.92059148698583,623.4,17444,hybrid_d8,41,95,Tipar
0_5km2,0.5,Hilir_Tipar,109.1833487,-7.6651823,PASS,213.7691837985249,1058.6,19991,hybrid_d8,131,251,Tipar
0_5km2,0.5,Hulu_Serang,110.1022009,-7.8095592,PASS,6.133959292296236,240.0,8621,hybrid_d8,8,8,Serang
0_5km2,0.5,Anak_Serang,110.1364828,-7.823944,PASS,23.756637853960186,327.6,9150,hybrid_d8,567,30,Serang
0_5km2,0.5,Tengah_Serang,110.1665346,-7.8632271,PASS,108.58276077522765,634.4,10831,hybrid_d8,157,114,Serang
0_5km2,0.5,Hilir_Serang,110.1166164,-7.9105086,PASS,1.120687852364051,198.8,898,hybrid_d8,1192,0,Serang
0_5km2,0.5,Hulu_Donan,108.9947069,-7.5475527,PASS,2.214007679882688,144.3,12065,hybrid_d8,638,2,Donan
0_5km2,0.5,Anak_Donan,109.0001203,-7.5964011,PASS,23.727119147294935,225.4,15332,hybrid_d8,11,22,Donan
0_5km2,0.5,Tengah_Donan,109.0130664,-7.6334151,PASS,91.61520934051416,411.9,19461,hybrid_d8,282,94,Donan
0_5km2,0.5,Hilir_Donan,108.9966298,-7.6883955,PASS,146.72314046160557,591.6,18744,hybrid_d8,1697,156,Donan
0_5km2,0.5,Hulu_KaliYasa,109.077317,-7.686142,PASS,2.660407150771433,175.3,8855,hybrid_d8,2793,0,Kali Yasa
0_5km2,0.5,Anak_KaliYasa,109.0470042,-7.6961442,PASS,3.4351789742569063,209.5,11688,hybrid_d8,646,2,Kali Yasa
0_5km2,0.5,Tengah_KaliYasa,109.0390922,-7.7007692,PASS,18.273815432405396,331.5,18072,hybrid_d8,116,16,Kali Yasa
0_5km2,0.5,Hilir_KaliYasa,109.021025,-7.726962,PASS,25.039214190783255,408.4,12889,hybrid_d8,887,26,Kali Yasa
1km2,1,Hulu_Serayu,109.9356587,-7.2239189,PASS,7.031889231253664,431.0,2546,hybrid_d8,3153,2,Serayu
1km2,1,Anak_Serayu,109.3913199,-7.3936955,PASS,628.4462764448931,2728.8,10330,hybrid_d8,2638,331,Serayu
1km2,1,Tengah_Serayu,109.4896517,-7.4433518,PASS,1047.3778289001348,3280.9,9467,hybrid_d8,20190,544,Serayu
1km2,1,Hilir_Serayu,109.2136203,-7.513223,PASS,3017.619064029833,6979.2,11199,hybrid_d8,3324,1633,Serayu
1km2,1,Hulu_Progo,110.0139755,-7.2644586,PASS,2.5291983564142417,345.6,2837,hybrid_d8,2692,0,Progo
1km2,1,Anak_Progo,110.2364457,-7.4870966,PASS,254.5337648459932,1342.5,10382,hybrid_d8,161,134,Progo
1km2,1,Tengah_Progo,110.1999785,-7.5805652,PASS,963.8630668595441,3019.1,9715,hybrid_d8,1884,546,Progo
1km2,1,Hilir_Progo,110.2257979,-7.8342023,PASS,1987.7905858245808,4908.2,6318,hybrid_d8,811,1091,Progo
1km2,1,Hulu_Opak,110.8092273,-7.8149059,PASS,8.331735025557935,258.2,4349,hybrid_d8,1939,4,Opak
1km2,1,Anak_Opak,110.6788079,-7.9330868,PASS,14.911159413739762,300.1,3827,hybrid_d8,1929,4,Opak
1km2,1,Tengah_Opak,110.5635956,-7.8926627,PASS,364.2080901210777,1024.7,5745,hybrid_d8,795,206,Opak
1km2,1,Hilir_Opak,110.4316622,-7.9629283,PASS,659.9847885698773,1602.3,3252,hybrid_d8,4,374,Opak
1km2,1,Hulu_Wawar,109.86382,-7.4653733,PASS,4.82967709718248,339.6,5149,hybrid_d8,2135,2,Wawar
1km2,1,Anak_Wawar,109.8067285,-7.6777261,PASS,24.348008829880193,196.3,9863,hybrid_d8,155,12,Wawar
1km2,1,Tengah_Wawar,109.7749183,-7.6368903,PASS,204.234529656546,1018.0,11061,hybrid_d8,302,128,Wawar
1km2,1,Hilir_Wawar,109.8049787,-7.7565667,PASS,361.47252353661025,1431.7,6843,hybrid_d8,274,210,Wawar
1km2,1,Hulu_Bogowonto,110.0238335,-7.4022155,PASS,4.295106678380183,309.0,3994,hybrid_d8,4510,0,Bogowonto
1km2,1,Anak_Bogowonto,110.0171325,-7.5631295,PASS,105.68424713088973,805.5,9810,hybrid_d8,614,54,Bogowonto
1km2,1,Tengah_Bogowonto,110.0372473,-7.6993497,PASS,355.9693227716676,1368.0,10728,hybrid_d8,2924,170,Bogowonto
1km2,1,Hilir_Bogowonto,110.0038911,-7.843125,PASS,512.1091305475983,1844.0,6989,hybrid_d8,1971,262,Bogowonto
1km2,1,Hulu_LukUlo,109.7687692,-7.4712582,PASS,3.136423171685725,147.6,590,hybrid_d8,3345,0,Luk Ulo
1km2,1,Anak_LukUlo,109.6468696,-7.4993343,PASS,28.008755660509806,448.3,8031,hybrid_d8,3907,14,Luk Ulo
1km2,1,Tengah_LukUlo,109.6635082,-7.59625,PASS,283.2150640628159,1082.6,9427,hybrid_d8,1191,145,Luk Ulo
1km2,1,Hilir_LukUlo,109.6576205,-7.7287293,PASS,317.0604319332635,1383.1,7994,hybrid_d8,7,161,Luk Ulo
1km2,1,Hulu_Telomoyo,109.5718196,-7.529236,PASS,4.768715325123954,268.4,6353,hybrid_d8,1531,2,Telomoyo
1km2,1,Anak_Telomoyo,109.5449061,-7.613036,PASS,56.149685274383835,523.3,8852,hybrid_d8,987,32,Telomoyo
1km2,1,Tengah_Telomoyo,109.5594427,-7.669185,PASS,36.57748064847282,481.0,9143,hybrid_d8,9,26,Telomoyo
1km2,1,Hilir_Telomoyo,109.4969529,-7.7219749,PASS,196.0225555537786,1095.3,10440,hybrid_d8,662,124,Telomoyo
1km2,1,Hulu_Jali,109.9673442,-7.4488989,PASS,6.630831302412299,322.8,5724,hybrid_d8,1287,4,Jali
1km2,1,Anak_Jali,109.9896595,-7.6042475,PASS,12.847781381991341,355.7,5778,hybrid_d8,10004,2,Jali
1km2,1,Tengah_Jali,109.9660382,-7.6479181,PASS,109.74468118103437,857.2,10677,hybrid_d8,2909,54,Jali
1km2,1,Hilir_Jali,109.9224014,-7.7611851,PASS,235.80952783392416,1173.9,6555,hybrid_d8,405,128,Jali
1km2,1,Hulu_Ijo,109.426638,-7.592498,PASS,7.873537327782819,326.2,4577,hybrid_d8,8414,0,Ijo
1km2,1,Anak_Ijo,109.4301151,-7.6327144,PASS,19.141008298547167,534.8,9861,hybrid_d8,898,8,Ijo
1km2,1,Tengah_Ijo,109.33463,-7.6343872,PASS,37.773058427470716,593.2,9525,hybrid_d8,68,18,Ijo
1km2,1,Hilir_Ijo,109.3882228,-7.6859696,PASS,239.61453793080514,1282.6,11255,hybrid_d8,1130,140,Ijo
1km2,1,Hulu_Tipar,109.2987574,-7.5803681,PASS,4.248638504920323,216.5,5731,hybrid_d8,1535,2,Tipar
1km2,1,Anak_Tipar,109.1857349,-7.6070301,PASS,23.519277476089943,434.5,7748,hybrid_d8,1173,10,Tipar
1km2,1,Tengah_Tipar,109.2262345,-7.6133373,PASS,73.92026675509985,593.2,8516,hybrid_d8,41,51,Tipar
1km2,1,Hilir_Tipar,109.1833487,-7.6651823,PASS,213.7691837985249,962.6,10727,hybrid_d8,131,127,Tipar
1km2,1,Hulu_Serang,110.1022009,-7.8095592,PASS,6.134516493235491,255.6,3869,hybrid_d8,8,4,Serang
1km2,1,Anak_Serang,110.1364828,-7.823944,PASS,23.756637853960186,324.5,4398,hybrid_d8,567,18,Serang
1km2,1,Tengah_Serang,110.1665346,-7.8632271,PASS,108.5829553964495,613.7,5839,hybrid_d8,802,66,Serang
1km2,1,Hilir_Serang,110.1166164,-7.9105086,PASS,1.120687852364051,197.8,562,hybrid_d8,1192,0,Serang
1km2,1,Hulu_Donan,108.9947069,-7.5475527,PASS,2.21392274694184,145.6,2849,hybrid_d8,2372,0,Donan
1km2,1,Anak_Donan,109.0001203,-7.5964011,PASS,23.727832425419003,221.6,7268,hybrid_d8,11,12,Donan
1km2,1,Tengah_Donan,109.0130664,-7.6334151,PASS,91.61573476542347,372.5,9813,hybrid_d8,282,48,Donan
1km2,1,Hilir_Donan,108.9966298,-7.6883955,PASS,146.72321187772852,538.0,9576,hybrid_d8,1697,78,Donan
1km2,1,Hulu_KaliYasa,109.077317,-7.686142,PASS,2.660407150771433,173.4,168,hybrid_d8,2793,0,Kali Yasa
1km2,1,Anak_KaliYasa,109.0470042,-7.6961442,PASS,3.4351789742569063,207.8,5496,hybrid_d8,646,2,Kali Yasa
1km2,1,Tengah_KaliYasa,109.0390922,-7.7007692,PASS,18.273815432405325,336.6,7320,hybrid_d8,1229,12,Kali Yasa
1km2,1,Hilir_KaliYasa,109.021025,-7.726962,PASS,25.04014755655506,409.2,5113,hybrid_d8,887,14,Kali Yasa
current,,Hulu_Serayu,109.9356587,-7.2239189,PASS,6.859612999473497,426.4,386,hybrid_d8,7291,0,Serayu
current,,Anak_Serayu,109.3913199,-7.3936955,PASS,627.3365123231562,2597.8,4138,hybrid_d8,3097,169,Serayu
current,,Tengah_Serayu,109.4896517,-7.4433518,PASS,1045.9734230191646,3306.2,5291,hybrid_d8,24041,294,Serayu
current,,Hilir_Serayu,109.2136203,-7.513223,PASS,2991.236965597781,6309.4,5439,hybrid_d8,3357,825,Serayu
current,,Hulu_Progo,110.0139755,-7.2644586,PASS,2.489770493814807,353.0,821,hybrid_d8,2654,0,Progo
current,,Anak_Progo,110.2364457,-7.4870966,PASS,255.11847839245414,1360.7,5438,hybrid_d8,157,70,Progo
current,,Tengah_Progo,110.1999785,-7.5805652,PASS,964.0338853701543,2893.5,4339,hybrid_d8,1883,248,Progo
current,,Hilir_Progo,110.2257979,-7.8342023,PASS,2004.6426281641352,4487.7,3437,hybrid_d8,7335,546,Progo
current,,Hulu_Opak,110.8092273,-7.8149059,PASS,0.0017571028134612324,120.0,1085,hybrid_d8,6,0,Opak
current,,Anak_Opak,110.6788079,-7.9330868,PASS,0.006259137987354187,117.1,84,hybrid_d8,10,0,Opak
current,,Tengah_Opak,110.5635956,-7.8926627,PASS,363.48599298904367,914.6,2385,hybrid_d8,1,88,Opak
current,,Hilir_Opak,110.4316622,-7.9629283,PASS,653.0919478325585,1444.6,1524,hybrid_d8,18,174,Opak
current,,Hulu_Wawar,109.86382,-7.4653733,PASS,4.829898862777051,351.9,1837,hybrid_d8,5111,0,Wawar
current,,Anak_Wawar,109.8067285,-7.6777261,PASS,24.196203999927633,183.9,4727,hybrid_d8,6,4,Wawar
current,,Tengah_Wawar,109.7749183,-7.6368903,PASS,204.21171611517065,1053.7,4677,hybrid_d8,3138,62,Wawar
current,,Hilir_Wawar,109.8049787,-7.7565667,PASS,282.3721142060812,1295.2,3675,hybrid_d8,270,82,Wawar
current,,Hulu_Bogowonto,110.0238335,-7.4022155,PASS,3.6856070967144814,325.3,2074,hybrid_d8,3860,0,Bogowonto
current,,Anak_Bogowonto,110.0171325,-7.5631295,PASS,106.5148015712191,803.8,4962,hybrid_d8,583,35,Bogowonto
current,,Tengah_Bogowonto,110.0372473,-7.6993497,PASS,355.9127034901033,1425.7,4248,hybrid_d8,2903,99,Bogowonto
current,,Hilir_Bogowonto,110.0038911,-7.843125,PASS,510.14238838543434,1661.7,3341,hybrid_d8,1,142,Bogowonto
current,,Hulu_LukUlo,109.7687692,-7.4712582,PASS,3.136423171685725,149.3,446,hybrid_d8,3345,0,Luk Ulo
current,,Anak_LukUlo,109.6468696,-7.4993343,PASS,28.028362484680216,448.8,3663,hybrid_d8,3863,4,Luk Ulo
current,,Tengah_LukUlo,109.6635082,-7.59625,PASS,282.93029893445924,1119.3,4147,hybrid_d8,360,66,Luk Ulo
current,,Hilir_LukUlo,109.6576205,-7.7287293,PASS,317.011250157641,1338.5,4152,hybrid_d8,3366,74,Luk Ulo
current,,Hulu_Telomoyo,109.5718196,-7.529236,PASS,4.763383467267296,265.4,353,hybrid_d8,5086,0,Telomoyo
current,,Anak_Telomoyo,109.5449061,-7.613036,PASS,56.157975794212554,506.7,5252,hybrid_d8,1320,10,Telomoyo
current,,Tengah_Telomoyo,109.5594427,-7.669185,PASS,69.43429318712941,615.3,5303,hybrid_d8,18,14,Telomoyo
current,,Hilir_Telomoyo,109.4969529,-7.7219749,PASS,270.02639458680596,1117.4,4249,hybrid_d8,2,62,Telomoyo
current,,Hulu_Jali,109.9673442,-7.4488989,PASS,6.586442139499071,337.3,1692,hybrid_d8,7016,0,Jali
current,,Anak_Jali,109.9896595,-7.6042475,PASS,12.841286356303254,349.2,1026,hybrid_d8,13646,0,Jali
current,,Tengah_Jali,109.9660382,-7.6479181,PASS,109.72087534539318,795.9,4437,hybrid_d8,2895,22,Jali
current,,Hilir_Jali,109.9224014,-7.7611851,PASS,236.11602687473248,1120.8,3579,hybrid_d8,397,60,Jali
current,,Hulu_Ijo,109.426638,-7.592498,PASS,3.199778590628923e-08,152.4,450,hybrid_d8,1,0,Ijo
current,,Anak_Ijo,109.4301151,-7.6327144,PASS,19.14878176811835,515.0,3717,hybrid_d8,819,2,Ijo
current,,Tengah_Ijo,109.33463,-7.6343872,PASS,32.33506012314648,498.1,4580,hybrid_d8,413,6,Ijo
current,,Hilir_Ijo,109.3882228,-7.6859696,PASS,287.7979130380437,1274.6,5351,hybrid_d8,756,76,Ijo
current,,Hulu_Tipar,109.2987574,-7.5803681,PASS,4.24914683632901,215.8,1075,hybrid_d8,4523,0,Tipar
current,,Anak_Tipar,109.1857349,-7.6070301,PASS,13.557211271212614,306.4,3282,hybrid_d8,741,4,Tipar
current,,Tengah_Tipar,109.2262345,-7.6133373,PASS,74.24488099798492,577.6,4868,hybrid_d8,22,24,Tipar
current,,Hilir_Tipar,109.1833487,-7.6651823,PASS,218.10386727779198,980.3,5447,hybrid_d8,3,70,Tipar
current,,Hulu_Serang,110.1022009,-7.8095592,PASS,6.134440208600445,247.1,461,hybrid_d8,6521,0,Serang
current,,Anak_Serang,110.1364828,-7.823944,PASS,23.755781018603365,325.8,2526,hybrid_d8,2930,4,Serang
current,,Tengah_Serang,110.1665346,-7.8632271,PASS,108.57864522407121,605.9,2863,hybrid_d8,789,34,Serang
current,,Hilir_Serang,110.1166164,-7.9105086,PASS,107.91942237164207,650.6,2863,hybrid_d8,1192,34,Serang
current,,Hulu_Donan,108.9947069,-7.5475527,PASS,2.2129357012927575,145.5,2033,hybrid_d8,2367,0,Donan
current,,Anak_Donan,109.0001203,-7.5964011,PASS,18.144538471009405,204.6,3188,hybrid_d8,1,2,Donan
current,,Tengah_Donan,109.0130664,-7.6334151,PASS,88.60562823140222,356.5,3813,hybrid_d8,1,26,Donan
current,,Hilir_Donan,108.9966298,-7.6883955,PASS,146.72321187772852,520.1,3576,hybrid_d8,1439,42,Donan
current,,Hulu_KaliYasa,109.077317,-7.686142,PASS,2.660407150771433,191.0,216,hybrid_d8,2793,0,Kali Yasa
current,,Anak_KaliYasa,109.0470042,-7.6961442,PASS,3.4364856235663637,208.6,840,hybrid_d8,3656,0,Kali Yasa
current,,Tengah_KaliYasa,109.0390922,-7.7007692,PASS,19.248156586302915,425.1,2760,hybrid_d8,1270,6,Kali Yasa
current,,Hilir_KaliYasa,109.021025,-7.726962,PASS,26.08718684479761,540.0,2761,hybrid_d8,887,8,Kali Yasa
